file_path,word,annotid,transcription
/Volumes/pn-opus/Seedlings/Subject_Files/01/01_12/Home_Visit/Coding/Audio_Annotation/01_12_sparse_code.cha,bottle,0xb52466,###
/Volumes/pn-opus/Seedlings/Subject_Files/01/01_12/Home_Visit/Coding/Audio_Annotation/01_12_sparse_code.cha,bottle,0x039e77,###
/Volumes/pn-opus/Seedlings/Subject_Files/01/01_12/Home_Visit/Coding/Audio_Annotation/01_12_sparse_code.cha,bottle,0xf705f7,###
/Volumes/pn-opus/Seedlings/Subject_Files/01/01_13/Home_Visit/Coding/Audio_Annotation/01_13_sparse_code.cha,bubble,0xd5ff3d,###
/Volumes/pn-opus/Seedlings/Subject_Files/01/01_13/Home_Visit/Coding/Audio_Annotation/01_13_sparse_code.cha,bubble,0x0d4c33,###
/Volumes/pn-opus/Seedlings/Subject_Files/01/01_13/Home_Visit/Coding/Audio_Annotation/01_13_sparse_code.cha,bubble,0xa10b74,###
/Volumes/pn-opus/Seedlings/Subject_Files/01/01_13/Home_Visit/Coding/Audio_Annotation/01_13_sparse_code.cha,bubble,0x654456,###
/Volumes/pn-opus/Seedlings/Subject_Files/01/01_13/Home_Visit/Coding/Audio_Annotation/01_13_sparse_code.cha,bubble,0x6c82ef,###
/Volumes/pn-opus/Seedlings/Subject_Files/01/01_13/Home_Visit/Coding/Audio_Annotation/01_13_sparse_code.cha,balloon,0x0157b1,###
/Volumes/pn-opus/Seedlings/Subject_Files/01/01_13/Home_Visit/Coding/Audio_Annotation/01_13_sparse_code.cha,balloon,0xf54d74,###
/Volumes/pn-opus/Seedlings/Subject_Files/01/01_13/Home_Visit/Coding/Audio_Annotation/01_13_sparse_code.cha,balloon,0xf0108a,###
/Volumes/pn-opus/Seedlings/Subject_Files/01/01_13/Home_Visit/Coding/Audio_Annotation/01_13_sparse_code.cha,balloon,0x12433d,###
/Volumes/pn-opus/Seedlings/Subject_Files/01/01_13/Home_Visit/Coding/Audio_Annotation/01_13_sparse_code.cha,baby,0x0a24c8,###
/Volumes/pn-opus/Seedlings/Subject_Files/01/01_13/Home_Visit/Coding/Audio_Annotation/01_13_sparse_code.cha,baby,0x930033,###
/Volumes/pn-opus/Seedlings/Subject_Files/01/01_13/Home_Visit/Coding/Audio_Annotation/01_13_sparse_code.cha,baby,0xa3e4ba,###
/Volumes/pn-opus/Seedlings/Subject_Files/01/01_13/Home_Visit/Coding/Audio_Annotation/01_13_sparse_code.cha,baby,0xc75b64,###
/Volumes/pn-opus/Seedlings/Subject_Files/01/01_13/Home_Visit/Coding/Audio_Annotation/01_13_sparse_code.cha,baby,0xc7c938,###
/Volumes/pn-opus/Seedlings/Subject_Files/01/01_13/Home_Visit/Coding/Audio_Annotation/01_13_sparse_code.cha,baby,0x1708f4,###
/Volumes/pn-opus/Seedlings/Subject_Files/01/01_13/Home_Visit/Coding/Audio_Annotation/01_13_sparse_code.cha,bubble,0xd80a0b,###
/Volumes/pn-opus/Seedlings/Subject_Files/01/01_13/Home_Visit/Coding/Audio_Annotation/01_13_sparse_code.cha,bubble,0xb2cf5d,###
/Volumes/pn-opus/Seedlings/Subject_Files/01/01_13/Home_Visit/Coding/Audio_Annotation/01_13_sparse_code.cha,bubble,0xf65475,###
/Volumes/pn-opus/Seedlings/Subject_Files/01/01_13/Home_Visit/Coding/Audio_Annotation/01_13_sparse_code.cha,bubble,0xc6c724,###
/Volumes/pn-opus/Seedlings/Subject_Files/01/01_13/Home_Visit/Coding/Audio_Annotation/01_13_sparse_code.cha,bubble,0x72714d,###
/Volumes/pn-opus/Seedlings/Subject_Files/01/01_13/Home_Visit/Coding/Audio_Annotation/01_13_sparse_code.cha,bubble,0x62d14a,###
/Volumes/pn-opus/Seedlings/Subject_Files/01/01_13/Home_Visit/Coding/Audio_Annotation/01_13_sparse_code.cha,bubble,0x22fa8a,###
/Volumes/pn-opus/Seedlings/Subject_Files/01/01_13/Home_Visit/Coding/Audio_Annotation/01_13_sparse_code.cha,bubble,0xe7eed1,###
/Volumes/pn-opus/Seedlings/Subject_Files/01/01_13/Home_Visit/Coding/Audio_Annotation/01_13_sparse_code.cha,bubble,0x634df8,###
/Volumes/pn-opus/Seedlings/Subject_Files/01/01_13/Home_Visit/Coding/Audio_Annotation/01_13_sparse_code.cha,bubble,0x63f9b3,###
/Volumes/pn-opus/Seedlings/Subject_Files/01/01_13/Home_Visit/Coding/Audio_Annotation/01_13_sparse_code.cha,bubble,0x89677b,###
/Volumes/pn-opus/Seedlings/Subject_Files/01/01_13/Home_Visit/Coding/Audio_Annotation/01_13_sparse_code.cha,bubble,0xb0be22,###
/Volumes/pn-opus/Seedlings/Subject_Files/01/01_13/Home_Visit/Coding/Audio_Annotation/01_13_sparse_code.cha,bubble,0xcabcb2,###
/Volumes/pn-opus/Seedlings/Subject_Files/01/01_13/Home_Visit/Coding/Audio_Annotation/01_13_sparse_code.cha,bubble,0x1320dd,###
/Volumes/pn-opus/Seedlings/Subject_Files/01/01_13/Home_Visit/Coding/Audio_Annotation/01_13_sparse_code.cha,bubble,0xd4f871,###
/Volumes/pn-opus/Seedlings/Subject_Files/01/01_13/Home_Visit/Coding/Audio_Annotation/01_13_sparse_code.cha,bubble,0xd86f8d,###
/Volumes/pn-opus/Seedlings/Subject_Files/01/01_13/Home_Visit/Coding/Audio_Annotation/01_13_sparse_code.cha,bubble,0xd2765d,###
/Volumes/pn-opus/Seedlings/Subject_Files/01/01_13/Home_Visit/Coding/Audio_Annotation/01_13_sparse_code.cha,bottle,0xe4dcaf,###
/Volumes/pn-opus/Seedlings/Subject_Files/01/01_13/Home_Visit/Coding/Audio_Annotation/01_13_sparse_code.cha,bottle,0xbe672f,###
/Volumes/pn-opus/Seedlings/Subject_Files/01/01_13/Home_Visit/Coding/Audio_Annotation/01_13_sparse_code.cha,bottle,0xa7da1e,###
/Volumes/pn-opus/Seedlings/Subject_Files/01/01_13/Home_Visit/Coding/Audio_Annotation/01_13_sparse_code.cha,baby,0xa35eb1,###
/Volumes/pn-opus/Seedlings/Subject_Files/01/01_13/Home_Visit/Coding/Audio_Annotation/01_13_sparse_code.cha,baby,0x5dcb63,###
/Volumes/pn-opus/Seedlings/Subject_Files/01/01_13/Home_Visit/Coding/Audio_Annotation/01_13_sparse_code.cha,baby,0xaf2950,###
/Volumes/pn-opus/Seedlings/Subject_Files/01/01_13/Home_Visit/Coding/Audio_Annotation/01_13_sparse_code.cha,bottle,0x21bede,###
/Volumes/pn-opus/Seedlings/Subject_Files/01/01_13/Home_Visit/Coding/Audio_Annotation/01_13_sparse_code.cha,bubble,0x1ab943,###
/Volumes/pn-opus/Seedlings/Subject_Files/01/01_15/Home_Visit/Coding/Audio_Annotation/01_15_sparse_code.cha,peel,0xc87e1d,###
/Volumes/pn-opus/Seedlings/Subject_Files/01/01_15/Home_Visit/Coding/Audio_Annotation/01_15_sparse_code.cha,rock,0x124a92,###
/Volumes/pn-opus/Seedlings/Subject_Files/01/01_16/Home_Visit/Coding/Audio_Annotation/01_16_sparse_code.cha,plate,0x6cc9c4,###
/Volumes/pn-opus/Seedlings/Subject_Files/01/01_16/Home_Visit/Coding/Audio_Annotation/01_16_sparse_code.cha,fish,0xb17764,###
/Volumes/pn-opus/Seedlings/Subject_Files/01/01_16/Home_Visit/Coding/Audio_Annotation/01_16_sparse_code.cha,backpack,0x2a59ff,###
/Volumes/pn-opus/Seedlings/Subject_Files/01/01_16/Home_Visit/Coding/Audio_Annotation/01_16_sparse_code.cha,backpack,0x2bcee5,###
/Volumes/pn-opus/Seedlings/Subject_Files/01/01_16/Home_Visit/Coding/Audio_Annotation/01_16_sparse_code.cha,backpack,0xf2b9b9,###
/Volumes/pn-opus/Seedlings/Subject_Files/01/01_16/Home_Visit/Coding/Audio_Annotation/01_16_sparse_code.cha,Dora,0xa61545,###
/Volumes/pn-opus/Seedlings/Subject_Files/01/01_16/Home_Visit/Coding/Audio_Annotation/01_16_sparse_code.cha,Dora,0xf45959,###
/Volumes/pn-opus/Seedlings/Subject_Files/01/01_16/Home_Visit/Coding/Audio_Annotation/01_16_sparse_code.cha,backpack,0x2b40b2,###
/Volumes/pn-opus/Seedlings/Subject_Files/01/01_16/Home_Visit/Coding/Audio_Annotation/01_16_sparse_code.cha,backpack,0xab6d0b,###
/Volumes/pn-opus/Seedlings/Subject_Files/01/01_16/Home_Visit/Coding/Audio_Annotation/01_16_sparse_code.cha,backpack,0x2d1ad4,###
/Volumes/pn-opus/Seedlings/Subject_Files/01/01_16/Home_Visit/Coding/Audio_Annotation/01_16_sparse_code.cha,backpack,0x3f9791,###
/Volumes/pn-opus/Seedlings/Subject_Files/01/01_16/Home_Visit/Coding/Audio_Annotation/01_16_sparse_code.cha,door,0xde1fb2,###
/Volumes/pn-opus/Seedlings/Subject_Files/01/01_16/Home_Visit/Coding/Audio_Annotation/01_16_sparse_code.cha,door,0x5afe9a,###
/Volumes/pn-opus/Seedlings/Subject_Files/01/01_16/Home_Visit/Coding/Audio_Annotation/01_16_sparse_code.cha,backpack,0x4c7c89,###
/Volumes/pn-opus/Seedlings/Subject_Files/01/01_16/Home_Visit/Coding/Audio_Annotation/01_16_sparse_code.cha,backpack,0x9ce427,###
/Volumes/pn-opus/Seedlings/Subject_Files/01/01_16/Home_Visit/Coding/Audio_Annotation/01_16_sparse_code.cha,backpack,0xb04059,###
/Volumes/pn-opus/Seedlings/Subject_Files/01/01_16/Home_Visit/Coding/Audio_Annotation/01_16_sparse_code.cha,backpack,0x477372,###
/Volumes/pn-opus/Seedlings/Subject_Files/01/01_16/Home_Visit/Coding/Audio_Annotation/01_16_sparse_code.cha,backpack,0xad30a8,###
/Volumes/pn-opus/Seedlings/Subject_Files/01/01_16/Home_Visit/Coding/Audio_Annotation/01_16_sparse_code.cha,backpack,0x2c4834,###
/Volumes/pn-opus/Seedlings/Subject_Files/01/01_16/Home_Visit/Coding/Audio_Annotation/01_16_sparse_code.cha,sky,0x0abfea,###
/Volumes/pn-opus/Seedlings/Subject_Files/01/01_16/Home_Visit/Coding/Audio_Annotation/01_16_sparse_code.cha,backpack,0x058b45,###
/Volumes/pn-opus/Seedlings/Subject_Files/01/01_16/Home_Visit/Coding/Audio_Annotation/01_16_sparse_code.cha,dress,0xca0f99,###
/Volumes/pn-opus/Seedlings/Subject_Files/01/01_16/Home_Visit/Coding/Audio_Annotation/01_16_sparse_code.cha,dress,0x0e4e79,###
/Volumes/pn-opus/Seedlings/Subject_Files/01/01_16/Home_Visit/Coding/Audio_Annotation/01_16_sparse_code.cha,backpack,0x3620a9,###
/Volumes/pn-opus/Seedlings/Subject_Files/01/01_16/Home_Visit/Coding/Audio_Annotation/01_16_sparse_code.cha,backpack,0xbb00da,###
/Volumes/pn-opus/Seedlings/Subject_Files/01/01_16/Home_Visit/Coding/Audio_Annotation/01_16_sparse_code.cha,backpack,0x1e7db2,###
/Volumes/pn-opus/Seedlings/Subject_Files/01/01_16/Home_Visit/Coding/Audio_Annotation/01_16_sparse_code.cha,backpack,0xff80fc,###
/Volumes/pn-opus/Seedlings/Subject_Files/01/01_16/Home_Visit/Coding/Audio_Annotation/01_16_sparse_code.cha,backpack,0xb9368c,###
/Volumes/pn-opus/Seedlings/Subject_Files/01/01_16/Home_Visit/Coding/Audio_Annotation/01_16_sparse_code.cha,backpack,0x5cde62,###
/Volumes/pn-opus/Seedlings/Subject_Files/01/01_16/Home_Visit/Coding/Audio_Annotation/01_16_sparse_code.cha,backpack,0x1cbc0f,###
/Volumes/pn-opus/Seedlings/Subject_Files/01/01_16/Home_Visit/Coding/Audio_Annotation/01_16_sparse_code.cha,backpack,0x1b0bd9,###
/Volumes/pn-opus/Seedlings/Subject_Files/01/01_16/Home_Visit/Coding/Audio_Annotation/01_16_sparse_code.cha,backpack,0x4c9780,###
/Volumes/pn-opus/Seedlings/Subject_Files/01/01_16/Home_Visit/Coding/Audio_Annotation/01_16_sparse_code.cha,backpack,0xb3f30e,###
/Volumes/pn-opus/Seedlings/Subject_Files/01/01_16/Home_Visit/Coding/Audio_Annotation/01_16_sparse_code.cha,backpack,0xfee573,###
/Volumes/pn-opus/Seedlings/Subject_Files/01/01_16/Home_Visit/Coding/Audio_Annotation/01_16_sparse_code.cha,backpack,0xf7a95d,###
/Volumes/pn-opus/Seedlings/Subject_Files/01/01_16/Home_Visit/Coding/Audio_Annotation/01_16_sparse_code.cha,backpack,0x8c9468,###
/Volumes/pn-opus/Seedlings/Subject_Files/01/01_16/Home_Visit/Coding/Audio_Annotation/01_16_sparse_code.cha,backpack,0x032f73,###
/Volumes/pn-opus/Seedlings/Subject_Files/01/01_16/Home_Visit/Coding/Audio_Annotation/01_16_sparse_code.cha,backpack,0x510d8c,###
/Volumes/pn-opus/Seedlings/Subject_Files/01/01_16/Home_Visit/Coding/Audio_Annotation/01_16_sparse_code.cha,birdie,0x4ad396,###
/Volumes/pn-opus/Seedlings/Subject_Files/01/01_16/Home_Visit/Coding/Audio_Annotation/01_16_sparse_code.cha,birdie,0xd9cb48,###
/Volumes/pn-opus/Seedlings/Subject_Files/01/01_16/Home_Visit/Coding/Audio_Annotation/01_16_sparse_code.cha,car,0x482865,###
/Volumes/pn-opus/Seedlings/Subject_Files/01/01_16/Home_Visit/Coding/Audio_Annotation/01_16_sparse_code.cha,doggy+doggy,0x38c319,###
/Volumes/pn-opus/Seedlings/Subject_Files/01/01_16/Home_Visit/Coding/Audio_Annotation/01_16_sparse_code.cha,doggy+doggy,0x67ef19,###
/Volumes/pn-opus/Seedlings/Subject_Files/01/01_16/Home_Visit/Coding/Audio_Annotation/01_16_sparse_code.cha,doggy+doggy,0x04c6e4,###
/Volumes/pn-opus/Seedlings/Subject_Files/01/01_16/Home_Visit/Coding/Audio_Annotation/01_16_sparse_code.cha,doggy,0xf63b0a,###
/Volumes/pn-opus/Seedlings/Subject_Files/01/01_16/Home_Visit/Coding/Audio_Annotation/01_16_sparse_code.cha,doggy,0x17be05,###
/Volumes/pn-opus/Seedlings/Subject_Files/01/01_16/Home_Visit/Coding/Audio_Annotation/01_16_sparse_code.cha,doggies,0x37d976,###
/Volumes/pn-opus/Seedlings/Subject_Files/01/01_16/Home_Visit/Coding/Audio_Annotation/01_16_sparse_code.cha,doggy+do,0x01304d,###
/Volumes/pn-opus/Seedlings/Subject_Files/01/01_16/Home_Visit/Coding/Audio_Annotation/01_16_sparse_code.cha,star,0x77d3d7,###
/Volumes/pn-opus/Seedlings/Subject_Files/01/01_16/Home_Visit/Coding/Audio_Annotation/01_16_sparse_code.cha,little+star,0x21adea,###
/Volumes/pn-opus/Seedlings/Subject_Files/01/01_16/Home_Visit/Coding/Audio_Annotation/01_16_sparse_code.cha,star,0x4bdd1a,###
/Volumes/pn-opus/Seedlings/Subject_Files/01/01_16/Home_Visit/Coding/Audio_Annotation/01_16_sparse_code.cha,star,0xe8e0d9,###
/Volumes/pn-opus/Seedlings/Subject_Files/01/01_16/Home_Visit/Coding/Audio_Annotation/01_16_sparse_code.cha,star,0x7ba615,###
/Volumes/pn-opus/Seedlings/Subject_Files/01/01_16/Home_Visit/Coding/Audio_Annotation/01_16_sparse_code.cha,star,0x7eeded,###
/Volumes/pn-opus/Seedlings/Subject_Files/01/01_16/Home_Visit/Coding/Audio_Annotation/01_16_sparse_code.cha,star,0x914e3c,###
/Volumes/pn-opus/Seedlings/Subject_Files/01/01_16/Home_Visit/Coding/Audio_Annotation/01_16_sparse_code.cha,Katerina,0xccaaad,###
/Volumes/pn-opus/Seedlings/Subject_Files/01/01_16/Home_Visit/Coding/Audio_Annotation/01_16_sparse_code.cha,Katerina,0xf71982,###
/Volumes/pn-opus/Seedlings/Subject_Files/01/01_16/Home_Visit/Coding/Audio_Annotation/01_16_sparse_code.cha,Daniel+tiger,0x2cae4e,###
/Volumes/pn-opus/Seedlings/Subject_Files/01/01_16/Home_Visit/Coding/Audio_Annotation/01_16_sparse_code.cha,tiger,0x79467b,###
/Volumes/pn-opus/Seedlings/Subject_Files/01/01_16/Home_Visit/Coding/Audio_Annotation/01_16_sparse_code.cha,tiger,0x0c4a95,###
/Volumes/pn-opus/Seedlings/Subject_Files/01/01_17/Home_Visit/Coding/Audio_Annotation/01_17_sparse_code.cha,sweater,0x1aac44,###
/Volumes/pn-opus/Seedlings/Subject_Files/01/01_17/Home_Visit/Coding/Audio_Annotation/01_17_sparse_code.cha,sweater,0xefddf6,###
/Volumes/pn-opus/Seedlings/Subject_Files/01/01_17/Home_Visit/Coding/Audio_Annotation/01_17_sparse_code.cha,pillow,0xfce017,###
/Volumes/pn-opus/Seedlings/Subject_Files/01/01_17/Home_Visit/Coding/Audio_Annotation/01_17_sparse_code.cha,tiger,0xdb1e95,###
/Volumes/pn-opus/Seedlings/Subject_Files/01/01_17/Home_Visit/Coding/Audio_Annotation/01_17_sparse_code.cha,ear,0x900448,###
/Volumes/pn-opus/Seedlings/Subject_Files/01/01_17/Home_Visit/Coding/Audio_Annotation/01_17_sparse_code.cha,puddle,0xd2698c,###
/Volumes/pn-opus/Seedlings/Subject_Files/01/01_17/Home_Visit/Coding/Audio_Annotation/01_17_sparse_code.cha,puddle,0x835637,###
/Volumes/pn-opus/Seedlings/Subject_Files/01/01_17/Home_Visit/Coding/Audio_Annotation/01_17_sparse_code.cha,puddle,0xab714f,###
/Volumes/pn-opus/Seedlings/Subject_Files/01/01_17/Home_Visit/Coding/Audio_Annotation/01_17_sparse_code.cha,puddle,0xcc61fc,###
/Volumes/pn-opus/Seedlings/Subject_Files/01/01_17/Home_Visit/Coding/Audio_Annotation/01_17_sparse_code.cha,puddle,0x4c9ebd,###
/Volumes/pn-opus/Seedlings/Subject_Files/01/01_17/Home_Visit/Coding/Audio_Annotation/01_17_sparse_code.cha,puddle,0xcbf764,###
/Volumes/pn-opus/Seedlings/Subject_Files/01/01_17/Home_Visit/Coding/Audio_Annotation/01_17_sparse_code.cha,puddle,0x057ee0,###
/Volumes/pn-opus/Seedlings/Subject_Files/01/01_17/Home_Visit/Coding/Audio_Annotation/01_17_sparse_code.cha,spider,0xa97c5f,###
/Volumes/pn-opus/Seedlings/Subject_Files/01/01_17/Home_Visit/Coding/Audio_Annotation/01_17_sparse_code.cha,dragon+suit,0x6d76ee,###
/Volumes/pn-opus/Seedlings/Subject_Files/01/01_17/Home_Visit/Coding/Audio_Annotation/01_17_sparse_code.cha,packet,0xb2978d,###
/Volumes/pn-opus/Seedlings/Subject_Files/01/01_17/Home_Visit/Coding/Audio_Annotation/01_17_sparse_code.cha,packet,0x4c2ef6,###
/Volumes/pn-opus/Seedlings/Subject_Files/01/01_17/Home_Visit/Coding/Audio_Annotation/01_17_sparse_code.cha,packet,0x793cc3,###
/Volumes/pn-opus/Seedlings/Subject_Files/01/01_17/Home_Visit/Coding/Audio_Annotation/01_17_sparse_code.cha,packet,0x80ce94,###
/Volumes/pn-opus/Seedlings/Subject_Files/01/01_17/Home_Visit/Coding/Audio_Annotation/01_17_sparse_code.cha,mouth,0x0263ee,###
/Volumes/pn-opus/Seedlings/Subject_Files/01/01_17/Home_Visit/Coding/Audio_Annotation/01_17_sparse_code.cha,puzzle+piece,0x241940,###
/Volumes/pn-opus/Seedlings/Subject_Files/02/02_11/Home_Visit/Coding/Audio_Annotation/02_11_sparse_code.cha,water,0x333f2f,###
/Volumes/pn-opus/Seedlings/Subject_Files/02/02_11/Home_Visit/Coding/Audio_Annotation/02_11_sparse_code.cha,water,0x23f6cc,###
/Volumes/pn-opus/Seedlings/Subject_Files/02/02_11/Home_Visit/Coding/Audio_Annotation/02_11_sparse_code.cha,water,0x6a369f,###
/Volumes/pn-opus/Seedlings/Subject_Files/02/02_11/Home_Visit/Coding/Audio_Annotation/02_11_sparse_code.cha,water,0xcdd95f,###
/Volumes/pn-opus/Seedlings/Subject_Files/02/02_11/Home_Visit/Coding/Audio_Annotation/02_11_sparse_code.cha,water,0x024df8,###
/Volumes/pn-opus/Seedlings/Subject_Files/02/02_16/Home_Visit/Coding/Audio_Annotation/02_16_sparse_code.cha,door,0x0461ad,###
/Volumes/pn-opus/Seedlings/Subject_Files/02/02_17/Home_Visit/Coding/Audio_Annotation/02_17_sparse_code.cha,shoe,0x9b28e4,###
/Volumes/pn-opus/Seedlings/Subject_Files/02/02_17/Home_Visit/Coding/Audio_Annotation/02_17_sparse_code.cha,baby,0x20cd1e,###
/Volumes/pn-opus/Seedlings/Subject_Files/02/02_17/Home_Visit/Coding/Audio_Annotation/02_17_sparse_code.cha,hippo,0xe8884a,###
/Volumes/pn-opus/Seedlings/Subject_Files/02/02_17/Home_Visit/Coding/Audio_Annotation/02_17_sparse_code.cha,bowl,0x7087f9,###
/Volumes/pn-opus/Seedlings/Subject_Files/03/03_14/Home_Visit/Coding/Audio_Annotation/03_14_sparse_code.cha,o,0x9cd1c8,###
/Volumes/pn-opus/Seedlings/Subject_Files/03/03_14/Home_Visit/Coding/Audio_Annotation/03_14_sparse_code.cha,o,0xb19a0c,###
/Volumes/pn-opus/Seedlings/Subject_Files/03/03_16/Home_Visit/Coding/Audio_Annotation/03_16_sparse_code.cha,ball,0x836561,###
/Volumes/pn-opus/Seedlings/Subject_Files/06/06_13/Home_Visit/Coding/Audio_Annotation/06_13_sparse_code.cha,baby,0x9fa188,###
/Volumes/pn-opus/Seedlings/Subject_Files/06/06_15/Home_Visit/Coding/Audio_Annotation/06_15_sparse_code.cha,dog,0xd01975,###
/Volumes/pn-opus/Seedlings/Subject_Files/06/06_15/Home_Visit/Coding/Audio_Annotation/06_15_sparse_code.cha,dog,0x8658a8,###
/Volumes/pn-opus/Seedlings/Subject_Files/06/06_16/Home_Visit/Coding/Audio_Annotation/06_16_sparse_code.cha,milk,0xe77482,###
/Volumes/pn-opus/Seedlings/Subject_Files/06/06_16/Home_Visit/Coding/Audio_Annotation/06_16_sparse_code.cha,ball,0x09820b,###
/Volumes/pn-opus/Seedlings/Subject_Files/06/06_17/Home_Visit/Coding/Audio_Annotation/06_17_sparse_code.cha,poo+poo,0x1f0a1d,###
/Volumes/pn-opus/Seedlings/Subject_Files/06/06_17/Home_Visit/Coding/Audio_Annotation/06_17_sparse_code.cha,deer,0x1c0cab,###
/Volumes/pn-opus/Seedlings/Subject_Files/07/07_13/Home_Visit/Coding/Audio_Annotation/07_13_sparse_code.cha,bug,0x227315,###
/Volumes/pn-opus/Seedlings/Subject_Files/07/07_14/Home_Visit/Coding/Audio_Annotation/07_14_sparse_code.cha,ball,0xa6df2f,###
/Volumes/pn-opus/Seedlings/Subject_Files/08/08_11/Home_Visit/Coding/Audio_Annotation/08_11_sparse_code.cha,milk,0xfa5955,###
/Volumes/pn-opus/Seedlings/Subject_Files/08/08_12/Home_Visit/Coding/Audio_Annotation/08_12_sparse_code.cha,dog,0xa313bb,###
/Volumes/pn-opus/Seedlings/Subject_Files/08/08_12/Home_Visit/Coding/Audio_Annotation/08_12_sparse_code.cha,hair,0x849a3c,###
/Volumes/pn-opus/Seedlings/Subject_Files/08/08_15/Home_Visit/Coding/Audio_Annotation/08_15_sparse_code.cha,water,0x76e445,###
/Volumes/pn-opus/Seedlings/Subject_Files/08/08_15/Home_Visit/Coding/Audio_Annotation/08_15_sparse_code.cha,bottle,0x4f5ac5,###
/Volumes/pn-opus/Seedlings/Subject_Files/08/08_15/Home_Visit/Coding/Audio_Annotation/08_15_sparse_code.cha,water,0xb95691,###
/Volumes/pn-opus/Seedlings/Subject_Files/08/08_15/Home_Visit/Coding/Audio_Annotation/08_15_sparse_code.cha,falafel,0x9593fa,###
/Volumes/pn-opus/Seedlings/Subject_Files/08/08_15/Home_Visit/Coding/Audio_Annotation/08_15_sparse_code.cha,beet,0xf6270f,###
/Volumes/pn-opus/Seedlings/Subject_Files/08/08_15/Home_Visit/Coding/Audio_Annotation/08_15_sparse_code.cha,coat,0x06f721,###
/Volumes/pn-opus/Seedlings/Subject_Files/08/08_15/Home_Visit/Coding/Audio_Annotation/08_15_sparse_code.cha,gears,0xd98f2d,###
/Volumes/pn-opus/Seedlings/Subject_Files/08/08_15/Home_Visit/Coding/Audio_Annotation/08_15_sparse_code.cha,buckle,0x8a1870,###
/Volumes/pn-opus/Seedlings/Subject_Files/08/08_15/Home_Visit/Coding/Audio_Annotation/08_15_sparse_code.cha,bowl,0x213827,###
/Volumes/pn-opus/Seedlings/Subject_Files/08/08_15/Home_Visit/Coding/Audio_Annotation/08_15_sparse_code.cha,bowl,0x4155f2,###
/Volumes/pn-opus/Seedlings/Subject_Files/08/08_15/Home_Visit/Coding/Audio_Annotation/08_15_sparse_code.cha,drum,0xb4e26d,###
/Volumes/pn-opus/Seedlings/Subject_Files/08/08_15/Home_Visit/Coding/Audio_Annotation/08_15_sparse_code.cha,mail,0x2bbc38,###
/Volumes/pn-opus/Seedlings/Subject_Files/08/08_15/Home_Visit/Coding/Audio_Annotation/08_15_sparse_code.cha,water,0x27df94,###
/Volumes/pn-opus/Seedlings/Subject_Files/08/08_15/Home_Visit/Coding/Audio_Annotation/08_15_sparse_code.cha,water,0x5749dc,###
/Volumes/pn-opus/Seedlings/Subject_Files/08/08_15/Home_Visit/Coding/Audio_Annotation/08_15_sparse_code.cha,water,0x9e0eed,###
/Volumes/pn-opus/Seedlings/Subject_Files/08/08_15/Home_Visit/Coding/Audio_Annotation/08_15_sparse_code.cha,doggy,0x500f2d,###
/Volumes/pn-opus/Seedlings/Subject_Files/08/08_15/Home_Visit/Coding/Audio_Annotation/08_15_sparse_code.cha,pizza,0xaa6ab5,###
/Volumes/pn-opus/Seedlings/Subject_Files/08/08_15/Home_Visit/Coding/Audio_Annotation/08_15_sparse_code.cha,pizza,0x89d9eb,###
/Volumes/pn-opus/Seedlings/Subject_Files/08/08_15/Home_Visit/Coding/Audio_Annotation/08_15_sparse_code.cha,hands,0x122df4,###
/Volumes/pn-opus/Seedlings/Subject_Files/08/08_15/Home_Visit/Coding/Audio_Annotation/08_15_sparse_code.cha,beet,0xcba27a,###
/Volumes/pn-opus/Seedlings/Subject_Files/08/08_15/Home_Visit/Coding/Audio_Annotation/08_15_sparse_code.cha,beet,0xbd2233,###
/Volumes/pn-opus/Seedlings/Subject_Files/08/08_15/Home_Visit/Coding/Audio_Annotation/08_15_sparse_code.cha,beet,0x7529c8,###
/Volumes/pn-opus/Seedlings/Subject_Files/08/08_15/Home_Visit/Coding/Audio_Annotation/08_15_sparse_code.cha,beet,0x283526,###
/Volumes/pn-opus/Seedlings/Subject_Files/08/08_15/Home_Visit/Coding/Audio_Annotation/08_15_sparse_code.cha,beet,0x238ddf,###
/Volumes/pn-opus/Seedlings/Subject_Files/08/08_15/Home_Visit/Coding/Audio_Annotation/08_15_sparse_code.cha,beet,0x7bd3f9,###
/Volumes/pn-opus/Seedlings/Subject_Files/08/08_15/Home_Visit/Coding/Audio_Annotation/08_15_sparse_code.cha,beet,0xcdb58e,###
/Volumes/pn-opus/Seedlings/Subject_Files/08/08_15/Home_Visit/Coding/Audio_Annotation/08_15_sparse_code.cha,beet,0x7702c9,###
/Volumes/pn-opus/Seedlings/Subject_Files/08/08_15/Home_Visit/Coding/Audio_Annotation/08_15_sparse_code.cha,beet,0x86ecbf,###
/Volumes/pn-opus/Seedlings/Subject_Files/08/08_15/Home_Visit/Coding/Audio_Annotation/08_15_sparse_code.cha,beets,0x599cc7,###
/Volumes/pn-opus/Seedlings/Subject_Files/08/08_15/Home_Visit/Coding/Audio_Annotation/08_15_sparse_code.cha,beets,0xc58e27,###
/Volumes/pn-opus/Seedlings/Subject_Files/08/08_15/Home_Visit/Coding/Audio_Annotation/08_15_sparse_code.cha,beets,0x930007,###
/Volumes/pn-opus/Seedlings/Subject_Files/08/08_15/Home_Visit/Coding/Audio_Annotation/08_15_sparse_code.cha,beets,0x999222,###
/Volumes/pn-opus/Seedlings/Subject_Files/08/08_15/Home_Visit/Coding/Audio_Annotation/08_15_sparse_code.cha,beets,0xa60c53,###
/Volumes/pn-opus/Seedlings/Subject_Files/08/08_15/Home_Visit/Coding/Audio_Annotation/08_15_sparse_code.cha,beets,0x713297,###
/Volumes/pn-opus/Seedlings/Subject_Files/08/08_15/Home_Visit/Coding/Audio_Annotation/08_15_sparse_code.cha,beets,0x519634,###
/Volumes/pn-opus/Seedlings/Subject_Files/08/08_15/Home_Visit/Coding/Audio_Annotation/08_15_sparse_code.cha,beets,0x341f9a,###
/Volumes/pn-opus/Seedlings/Subject_Files/08/08_15/Home_Visit/Coding/Audio_Annotation/08_15_sparse_code.cha,beets,0x6d1441,###
/Volumes/pn-opus/Seedlings/Subject_Files/08/08_15/Home_Visit/Coding/Audio_Annotation/08_15_sparse_code.cha,beets,0xdf136e,###
/Volumes/pn-opus/Seedlings/Subject_Files/08/08_15/Home_Visit/Coding/Audio_Annotation/08_15_sparse_code.cha,beets+beets,0xf43f9b,###
/Volumes/pn-opus/Seedlings/Subject_Files/08/08_15/Home_Visit/Coding/Audio_Annotation/08_15_sparse_code.cha,beet,0x99f9a0,###
/Volumes/pn-opus/Seedlings/Subject_Files/08/08_15/Home_Visit/Coding/Audio_Annotation/08_15_sparse_code.cha,beet,0x25bbad,###
/Volumes/pn-opus/Seedlings/Subject_Files/08/08_15/Home_Visit/Coding/Audio_Annotation/08_15_sparse_code.cha,beet,0x970a8d,###
/Volumes/pn-opus/Seedlings/Subject_Files/08/08_15/Home_Visit/Coding/Audio_Annotation/08_15_sparse_code.cha,beet+beet,0xef6669,###
/Volumes/pn-opus/Seedlings/Subject_Files/08/08_15/Home_Visit/Coding/Audio_Annotation/08_15_sparse_code.cha,milk,0x20f195,###
/Volumes/pn-opus/Seedlings/Subject_Files/08/08_15/Home_Visit/Coding/Audio_Annotation/08_15_sparse_code.cha,phone,0xde0810,###
/Volumes/pn-opus/Seedlings/Subject_Files/08/08_15/Home_Visit/Coding/Audio_Annotation/08_15_sparse_code.cha,water,0x1bc166,###
/Volumes/pn-opus/Seedlings/Subject_Files/08/08_15/Home_Visit/Coding/Audio_Annotation/08_15_sparse_code.cha,bottle,0x1a3484,###
/Volumes/pn-opus/Seedlings/Subject_Files/08/08_15/Home_Visit/Coding/Audio_Annotation/08_15_sparse_code.cha,teeth,0x73b90e,###
/Volumes/pn-opus/Seedlings/Subject_Files/08/08_15/Home_Visit/Coding/Audio_Annotation/08_15_sparse_code.cha,teeth,0xea1791,###
/Volumes/pn-opus/Seedlings/Subject_Files/08/08_15/Home_Visit/Coding/Audio_Annotation/08_15_sparse_code.cha,belly+button,0x2c04ed,###
/Volumes/pn-opus/Seedlings/Subject_Files/08/08_15/Home_Visit/Coding/Audio_Annotation/08_15_sparse_code.cha,belly+button,0xa8815d,###
/Volumes/pn-opus/Seedlings/Subject_Files/08/08_15/Home_Visit/Coding/Audio_Annotation/08_15_sparse_code.cha,belly+button,0x21fc9e,###
/Volumes/pn-opus/Seedlings/Subject_Files/08/08_16/Home_Visit/Coding/Audio_Annotation/08_16_sparse_code.cha,bar,0x942012,###
/Volumes/pn-opus/Seedlings/Subject_Files/08/08_16/Home_Visit/Coding/Audio_Annotation/08_16_sparse_code.cha,apple,0x406a24,###
/Volumes/pn-opus/Seedlings/Subject_Files/08/08_16/Home_Visit/Coding/Audio_Annotation/08_16_sparse_code.cha,water,0x8e2021,###
/Volumes/pn-opus/Seedlings/Subject_Files/08/08_16/Home_Visit/Coding/Audio_Annotation/08_16_sparse_code.cha,apple,0x6743e9,###
/Volumes/pn-opus/Seedlings/Subject_Files/08/08_16/Home_Visit/Coding/Audio_Annotation/08_16_sparse_code.cha,vest,0xbd1e4b,###
/Volumes/pn-opus/Seedlings/Subject_Files/08/08_16/Home_Visit/Coding/Audio_Annotation/08_16_sparse_code.cha,comb,0x4e6b3f,###
/Volumes/pn-opus/Seedlings/Subject_Files/08/08_17/Home_Visit/Coding/Audio_Annotation/08_17_sparse_code.cha,toe,0xb25c5a,###
/Volumes/pn-opus/Seedlings/Subject_Files/08/08_17/Home_Visit/Coding/Audio_Annotation/08_17_sparse_code.cha,booties,0x48df36,###
/Volumes/pn-opus/Seedlings/Subject_Files/08/08_17/Home_Visit/Coding/Audio_Annotation/08_17_sparse_code.cha,booties,0x498d6f,###
/Volumes/pn-opus/Seedlings/Subject_Files/08/08_17/Home_Visit/Coding/Audio_Annotation/08_17_sparse_code.cha,booties,0x1bd462,###
/Volumes/pn-opus/Seedlings/Subject_Files/08/08_17/Home_Visit/Coding/Audio_Annotation/08_17_sparse_code.cha,booties,0x9623a8,###
/Volumes/pn-opus/Seedlings/Subject_Files/08/08_17/Home_Visit/Coding/Audio_Annotation/08_17_sparse_code.cha,booties,0xd49036,###
/Volumes/pn-opus/Seedlings/Subject_Files/08/08_17/Home_Visit/Coding/Audio_Annotation/08_17_sparse_code.cha,booties,0x986565,###
/Volumes/pn-opus/Seedlings/Subject_Files/08/08_17/Home_Visit/Coding/Audio_Annotation/08_17_sparse_code.cha,booties,0xc400de,###
/Volumes/pn-opus/Seedlings/Subject_Files/08/08_17/Home_Visit/Coding/Audio_Annotation/08_17_sparse_code.cha,booties,0x74a6b1,###
/Volumes/pn-opus/Seedlings/Subject_Files/09/09_17/Home_Visit/Coding/Audio_Annotation/09_17_sparse_code.cha,m,0x07f8cc,###
/Volumes/pn-opus/Seedlings/Subject_Files/09/09_17/Home_Visit/Coding/Audio_Annotation/09_17_sparse_code.cha,m,0x01a3da,###
/Volumes/pn-opus/Seedlings/Subject_Files/09/09_17/Home_Visit/Coding/Audio_Annotation/09_17_sparse_code.cha,ball,0xe3751c,###
/Volumes/pn-opus/Seedlings/Subject_Files/09/09_17/Home_Visit/Coding/Audio_Annotation/09_17_sparse_code.cha,m,0x25ddd9,###
/Volumes/pn-opus/Seedlings/Subject_Files/09/09_17/Home_Visit/Coding/Audio_Annotation/09_17_sparse_code.cha,m,0xbd0e0c,###
/Volumes/pn-opus/Seedlings/Subject_Files/09/09_17/Home_Visit/Coding/Audio_Annotation/09_17_sparse_code.cha,egg,0xc8e43c,###
/Volumes/pn-opus/Seedlings/Subject_Files/09/09_17/Home_Visit/Coding/Audio_Annotation/09_17_sparse_code.cha,egg,0xfecda1,###
/Volumes/pn-opus/Seedlings/Subject_Files/10/10_12/Home_Visit/Coding/Audio_Annotation/10_12_sparse_code.cha,dog,0x81873c,###
/Volumes/pn-opus/Seedlings/Subject_Files/10/10_15/Home_Visit/Coding/Audio_Annotation/10_15_sparse_code.cha,book,0x1f3662,###
/Volumes/pn-opus/Seedlings/Subject_Files/10/10_15/Home_Visit/Coding/Audio_Annotation/10_15_sparse_code.cha,ball,0x796bca,###
/Volumes/pn-opus/Seedlings/Subject_Files/10/10_15/Home_Visit/Coding/Audio_Annotation/10_15_sparse_code.cha,ball,0xd1b3a4,###
/Volumes/pn-opus/Seedlings/Subject_Files/10/10_15/Home_Visit/Coding/Audio_Annotation/10_15_sparse_code.cha,ball,0xe87f27,###
/Volumes/pn-opus/Seedlings/Subject_Files/10/10_15/Home_Visit/Coding/Audio_Annotation/10_15_sparse_code.cha,ball,0xaf6836,###
/Volumes/pn-opus/Seedlings/Subject_Files/10/10_15/Home_Visit/Coding/Audio_Annotation/10_15_sparse_code.cha,ball,0xd1d7d0,###
/Volumes/pn-opus/Seedlings/Subject_Files/10/10_15/Home_Visit/Coding/Audio_Annotation/10_15_sparse_code.cha,ball,0x35dcf3,###
/Volumes/pn-opus/Seedlings/Subject_Files/10/10_15/Home_Visit/Coding/Audio_Annotation/10_15_sparse_code.cha,ball,0x8658be,###
/Volumes/pn-opus/Seedlings/Subject_Files/10/10_15/Home_Visit/Coding/Audio_Annotation/10_15_sparse_code.cha,ball,0x1f8b85,###
/Volumes/pn-opus/Seedlings/Subject_Files/10/10_15/Home_Visit/Coding/Audio_Annotation/10_15_sparse_code.cha,ball,0x834db6,###
/Volumes/pn-opus/Seedlings/Subject_Files/10/10_15/Home_Visit/Coding/Audio_Annotation/10_15_sparse_code.cha,ball,0x11e811,###
/Volumes/pn-opus/Seedlings/Subject_Files/10/10_15/Home_Visit/Coding/Audio_Annotation/10_15_sparse_code.cha,ball,0xa81879,###
/Volumes/pn-opus/Seedlings/Subject_Files/10/10_15/Home_Visit/Coding/Audio_Annotation/10_15_sparse_code.cha,ball,0x87eb9f,###
/Volumes/pn-opus/Seedlings/Subject_Files/10/10_15/Home_Visit/Coding/Audio_Annotation/10_15_sparse_code.cha,ball,0xe5ae17,###
/Volumes/pn-opus/Seedlings/Subject_Files/10/10_16/Home_Visit/Coding/Audio_Annotation/10_16_sparse_code.cha,water,0xb4d45a,###
/Volumes/pn-opus/Seedlings/Subject_Files/10/10_16/Home_Visit/Coding/Audio_Annotation/10_16_sparse_code.cha,water,0xf4aff3,###
/Volumes/pn-opus/Seedlings/Subject_Files/10/10_16/Home_Visit/Coding/Audio_Annotation/10_16_sparse_code.cha,water,0x6213ec,###
/Volumes/pn-opus/Seedlings/Subject_Files/10/10_16/Home_Visit/Coding/Audio_Annotation/10_16_sparse_code.cha,water,0x12580f,###
/Volumes/pn-opus/Seedlings/Subject_Files/10/10_16/Home_Visit/Coding/Audio_Annotation/10_16_sparse_code.cha,diaper,0xfbb26a,###
/Volumes/pn-opus/Seedlings/Subject_Files/10/10_16/Home_Visit/Coding/Audio_Annotation/10_16_sparse_code.cha,water,0x0a0785,###
/Volumes/pn-opus/Seedlings/Subject_Files/10/10_17/Home_Visit/Coding/Audio_Annotation/10_17_sparse_code.cha,bubbles,0x5edfee,###
/Volumes/pn-opus/Seedlings/Subject_Files/11/11_12/Home_Visit/Coding/Audio_Annotation/11_12_sparse_code.cha,kitty,0x2a3f6b,###
/Volumes/pn-opus/Seedlings/Subject_Files/11/11_12/Home_Visit/Coding/Audio_Annotation/11_12_sparse_code.cha,kitty,0x135529,###
/Volumes/pn-opus/Seedlings/Subject_Files/11/11_12/Home_Visit/Coding/Audio_Annotation/11_12_sparse_code.cha,pillow,0x28a361,###
/Volumes/pn-opus/Seedlings/Subject_Files/11/11_12/Home_Visit/Coding/Audio_Annotation/11_12_sparse_code.cha,kitty,0x0fe7d5,###
/Volumes/pn-opus/Seedlings/Subject_Files/11/11_13/Home_Visit/Coding/Audio_Annotation/11_13_sparse_code.cha,kitty,0x79dcbf,###
/Volumes/pn-opus/Seedlings/Subject_Files/11/11_13/Home_Visit/Coding/Audio_Annotation/11_13_sparse_code.cha,baby,0x1f15c7,###
/Volumes/pn-opus/Seedlings/Subject_Files/11/11_13/Home_Visit/Coding/Audio_Annotation/11_13_sparse_code.cha,bear,0x5182f1,###
/Volumes/pn-opus/Seedlings/Subject_Files/11/11_15/Home_Visit/Coding/Audio_Annotation/11_15_sparse_code.cha,baby,0x313292,###
/Volumes/pn-opus/Seedlings/Subject_Files/12/12_11/Home_Visit/Coding/Audio_Annotation/12_11_sparse_code.cha,dog,0x648979,###
/Volumes/pn-opus/Seedlings/Subject_Files/12/12_11/Home_Visit/Coding/Audio_Annotation/12_11_sparse_code.cha,dog,0x2c1c60,###
/Volumes/pn-opus/Seedlings/Subject_Files/12/12_11/Home_Visit/Coding/Audio_Annotation/12_11_sparse_code.cha,dog,0x0d7ded,###
/Volumes/pn-opus/Seedlings/Subject_Files/12/12_11/Home_Visit/Coding/Audio_Annotation/12_11_sparse_code.cha,dog,0xc13baa,###
/Volumes/pn-opus/Seedlings/Subject_Files/12/12_11/Home_Visit/Coding/Audio_Annotation/12_11_sparse_code.cha,doggy,0x0d06bf,###
/Volumes/pn-opus/Seedlings/Subject_Files/12/12_11/Home_Visit/Coding/Audio_Annotation/12_11_sparse_code.cha,doggy,0x0005f3,###
/Volumes/pn-opus/Seedlings/Subject_Files/12/12_11/Home_Visit/Coding/Audio_Annotation/12_11_sparse_code.cha,doggy,0xb1785d,###
/Volumes/pn-opus/Seedlings/Subject_Files/12/12_11/Home_Visit/Coding/Audio_Annotation/12_11_sparse_code.cha,doggy,0x75d848,###
/Volumes/pn-opus/Seedlings/Subject_Files/12/12_11/Home_Visit/Coding/Audio_Annotation/12_11_sparse_code.cha,dog+dog,0xb9fde8,###
/Volumes/pn-opus/Seedlings/Subject_Files/12/12_11/Home_Visit/Coding/Audio_Annotation/12_11_sparse_code.cha,dog+dog,0x96c6aa,###
/Volumes/pn-opus/Seedlings/Subject_Files/12/12_11/Home_Visit/Coding/Audio_Annotation/12_11_sparse_code.cha,doggy,0xa65ecd,###
/Volumes/pn-opus/Seedlings/Subject_Files/12/12_11/Home_Visit/Coding/Audio_Annotation/12_11_sparse_code.cha,doggy,0xc09003,###
/Volumes/pn-opus/Seedlings/Subject_Files/12/12_11/Home_Visit/Coding/Audio_Annotation/12_11_sparse_code.cha,dog,0x247ea1,###
/Volumes/pn-opus/Seedlings/Subject_Files/12/12_11/Home_Visit/Coding/Audio_Annotation/12_11_sparse_code.cha,dog,0x5caed3,###
/Volumes/pn-opus/Seedlings/Subject_Files/12/12_11/Home_Visit/Coding/Audio_Annotation/12_11_sparse_code.cha,dog,0x95717b,###
/Volumes/pn-opus/Seedlings/Subject_Files/12/12_13/Home_Visit/Coding/Audio_Annotation/12_13_sparse_code.cha,swing,0x7b4992,###
/Volumes/pn-opus/Seedlings/Subject_Files/12/12_13/Home_Visit/Coding/Audio_Annotation/12_13_sparse_code.cha,baba,0x013280,###
/Volumes/pn-opus/Seedlings/Subject_Files/12/12_13/Home_Visit/Coding/Audio_Annotation/12_13_sparse_code.cha,doggy,0x220f96,###
/Volumes/pn-opus/Seedlings/Subject_Files/12/12_15/Home_Visit/Coding/Audio_Annotation/12_15_sparse_code.cha,ba,0x0b66ef,###
/Volumes/pn-opus/Seedlings/Subject_Files/12/12_15/Home_Visit/Coding/Audio_Annotation/12_15_sparse_code.cha,teeth,0xba3f97,###
/Volumes/pn-opus/Seedlings/Subject_Files/12/12_16/Home_Visit/Coding/Audio_Annotation/12_16_sparse_code.cha,rhino,0x843d1a,###
/Volumes/pn-opus/Seedlings/Subject_Files/12/12_17/Home_Visit/Coding/Audio_Annotation/12_17_sparse_code.cha,Momo,0x75b321,###
/Volumes/pn-opus/Seedlings/Subject_Files/12/12_17/Home_Visit/Coding/Audio_Annotation/12_17_sparse_code.cha,baby,0x0b0e0c,###
/Volumes/pn-opus/Seedlings/Subject_Files/12/12_17/Home_Visit/Coding/Audio_Annotation/12_17_sparse_code.cha,Momo,0xf6f618,###
/Volumes/pn-opus/Seedlings/Subject_Files/12/12_17/Home_Visit/Coding/Audio_Annotation/12_17_sparse_code.cha,train,0x477a73,###
/Volumes/pn-opus/Seedlings/Subject_Files/12/12_17/Home_Visit/Coding/Audio_Annotation/12_17_sparse_code.cha,Momo,0x8fffb3,###
/Volumes/pn-opus/Seedlings/Subject_Files/12/12_17/Home_Visit/Coding/Audio_Annotation/12_17_sparse_code.cha,ball,0x2a6f76,###
/Volumes/pn-opus/Seedlings/Subject_Files/12/12_17/Home_Visit/Coding/Audio_Annotation/12_17_sparse_code.cha,doggy,0x7948a1,###
/Volumes/pn-opus/Seedlings/Subject_Files/12/12_17/Home_Visit/Coding/Audio_Annotation/12_17_sparse_code.cha,doggy,0x1ed14b,###
/Volumes/pn-opus/Seedlings/Subject_Files/13/13_13/Home_Visit/Coding/Audio_Annotation/13_13_sparse_code.cha,ba,0xa0a744,###
/Volumes/pn-opus/Seedlings/Subject_Files/13/13_13/Home_Visit/Coding/Audio_Annotation/13_13_sparse_code.cha,ba,0xa92731,###
/Volumes/pn-opus/Seedlings/Subject_Files/13/13_14/Home_Visit/Coding/Audio_Annotation/13_14_sparse_code.cha,ball,0xf473bd,###
/Volumes/pn-opus/Seedlings/Subject_Files/13/13_15/Home_Visit/Coding/Audio_Annotation/13_15_sparse_code.cha,ball,0x3795fd,###
/Volumes/pn-opus/Seedlings/Subject_Files/13/13_15/Home_Visit/Coding/Audio_Annotation/13_15_sparse_code.cha,ball,0x7c2379,###
/Volumes/pn-opus/Seedlings/Subject_Files/13/13_15/Home_Visit/Coding/Audio_Annotation/13_15_sparse_code.cha,ball,0x99bba0,###
/Volumes/pn-opus/Seedlings/Subject_Files/13/13_15/Home_Visit/Coding/Audio_Annotation/13_15_sparse_code.cha,ball,0xa08523,###
/Volumes/pn-opus/Seedlings/Subject_Files/14/14_16/Home_Visit/Coding/Audio_Annotation/14_16_sparse_code.cha,puke,0x1eca64,###
/Volumes/pn-opus/Seedlings/Subject_Files/14/14_16/Home_Visit/Coding/Audio_Annotation/14_16_sparse_code.cha,puke,0x05c028,###
/Volumes/pn-opus/Seedlings/Subject_Files/14/14_17/Home_Visit/Coding/Audio_Annotation/14_17_sparse_code.cha,booger,0x53bd96,###
/Volumes/pn-opus/Seedlings/Subject_Files/14/14_17/Home_Visit/Coding/Audio_Annotation/14_17_sparse_code.cha,booger,0xc75ff6,###
/Volumes/pn-opus/Seedlings/Subject_Files/14/14_17/Home_Visit/Coding/Audio_Annotation/14_17_sparse_code.cha,booger,0x787f4e,###
/Volumes/pn-opus/Seedlings/Subject_Files/14/14_17/Home_Visit/Coding/Audio_Annotation/14_17_sparse_code.cha,booger,0x9a3440,###
/Volumes/pn-opus/Seedlings/Subject_Files/14/14_17/Home_Visit/Coding/Audio_Annotation/14_17_sparse_code.cha,boogie,0x858237,###
/Volumes/pn-opus/Seedlings/Subject_Files/14/14_17/Home_Visit/Coding/Audio_Annotation/14_17_sparse_code.cha,boots,0xfc1e7e,###
/Volumes/pn-opus/Seedlings/Subject_Files/14/14_17/Home_Visit/Coding/Audio_Annotation/14_17_sparse_code.cha,boots,0x1321d3,###
/Volumes/pn-opus/Seedlings/Subject_Files/14/14_17/Home_Visit/Coding/Audio_Annotation/14_17_sparse_code.cha,boots,0x1d9d61,###
/Volumes/pn-opus/Seedlings/Subject_Files/14/14_17/Home_Visit/Coding/Audio_Annotation/14_17_sparse_code.cha,shoes,0x0fa27a,###
/Volumes/pn-opus/Seedlings/Subject_Files/14/14_17/Home_Visit/Coding/Audio_Annotation/14_17_sparse_code.cha,shoes,0x0196cc,###
/Volumes/pn-opus/Seedlings/Subject_Files/15/15_12/Home_Visit/Coding/Audio_Annotation/15_12_sparse_code.cha,cheese,0x63cfe8,###
/Volumes/pn-opus/Seedlings/Subject_Files/15/15_12/Home_Visit/Coding/Audio_Annotation/15_12_sparse_code.cha,cheese,0x3c0dd2,###
/Volumes/pn-opus/Seedlings/Subject_Files/15/15_12/Home_Visit/Coding/Audio_Annotation/15_12_sparse_code.cha,cheese,0x9940f8,###
/Volumes/pn-opus/Seedlings/Subject_Files/15/15_12/Home_Visit/Coding/Audio_Annotation/15_12_sparse_code.cha,cheese,0xa08317,###
/Volumes/pn-opus/Seedlings/Subject_Files/15/15_15/Home_Visit/Coding/Audio_Annotation/15_15_sparse_code.cha,balloon,0xac8b5d,###
/Volumes/pn-opus/Seedlings/Subject_Files/15/15_15/Home_Visit/Coding/Audio_Annotation/15_15_sparse_code.cha,balloon,0x7b6f68,###
/Volumes/pn-opus/Seedlings/Subject_Files/15/15_15/Home_Visit/Coding/Audio_Annotation/15_15_sparse_code.cha,balloon,0xf08ae5,###
/Volumes/pn-opus/Seedlings/Subject_Files/15/15_15/Home_Visit/Coding/Audio_Annotation/15_15_sparse_code.cha,balloon,0x7f1622,###
/Volumes/pn-opus/Seedlings/Subject_Files/15/15_15/Home_Visit/Coding/Audio_Annotation/15_15_sparse_code.cha,balloon,0x5da1ba,###
/Volumes/pn-opus/Seedlings/Subject_Files/15/15_15/Home_Visit/Coding/Audio_Annotation/15_15_sparse_code.cha,balloon,0x6b05e5,###
/Volumes/pn-opus/Seedlings/Subject_Files/15/15_15/Home_Visit/Coding/Audio_Annotation/15_15_sparse_code.cha,balloon,0x75e0c6,###
/Volumes/pn-opus/Seedlings/Subject_Files/15/15_15/Home_Visit/Coding/Audio_Annotation/15_15_sparse_code.cha,balloon,0x32c48a,###
/Volumes/pn-opus/Seedlings/Subject_Files/15/15_15/Home_Visit/Coding/Audio_Annotation/15_15_sparse_code.cha,balloon,0x00b49c,###
/Volumes/pn-opus/Seedlings/Subject_Files/15/15_15/Home_Visit/Coding/Audio_Annotation/15_15_sparse_code.cha,balloon,0x3500d5,###
/Volumes/pn-opus/Seedlings/Subject_Files/15/15_15/Home_Visit/Coding/Audio_Annotation/15_15_sparse_code.cha,water,0xbb17ef,###
/Volumes/pn-opus/Seedlings/Subject_Files/15/15_15/Home_Visit/Coding/Audio_Annotation/15_15_sparse_code.cha,water,0x398aff,###
/Volumes/pn-opus/Seedlings/Subject_Files/15/15_15/Home_Visit/Coding/Audio_Annotation/15_15_sparse_code.cha,water,0x320123,###
/Volumes/pn-opus/Seedlings/Subject_Files/15/15_15/Home_Visit/Coding/Audio_Annotation/15_15_sparse_code.cha,water,0xe377e5,###
/Volumes/pn-opus/Seedlings/Subject_Files/15/15_15/Home_Visit/Coding/Audio_Annotation/15_15_sparse_code.cha,water,0x77e128,###
/Volumes/pn-opus/Seedlings/Subject_Files/15/15_15/Home_Visit/Coding/Audio_Annotation/15_15_sparse_code.cha,water,0xec1001,###
/Volumes/pn-opus/Seedlings/Subject_Files/15/15_15/Home_Visit/Coding/Audio_Annotation/15_15_sparse_code.cha,water,0x584ead,###
/Volumes/pn-opus/Seedlings/Subject_Files/15/15_15/Home_Visit/Coding/Audio_Annotation/15_15_sparse_code.cha,water,0x752866,###
/Volumes/pn-opus/Seedlings/Subject_Files/15/15_15/Home_Visit/Coding/Audio_Annotation/15_15_sparse_code.cha,water,0x4eef6d,###
/Volumes/pn-opus/Seedlings/Subject_Files/15/15_16/Home_Visit/Coding/Audio_Annotation/15_16_sparse_code.cha,ball,0x85abfe,###
/Volumes/pn-opus/Seedlings/Subject_Files/16/16_13/Home_Visit/Coding/Audio_Annotation/16_13_sparse_code.cha,Brown+bear,0xe0e87f,###
/Volumes/pn-opus/Seedlings/Subject_Files/16/16_13/Home_Visit/Coding/Audio_Annotation/16_13_sparse_code.cha,Brown+bear,0xa96eae,###
/Volumes/pn-opus/Seedlings/Subject_Files/16/16_13/Home_Visit/Coding/Audio_Annotation/16_13_sparse_code.cha,brown+bear,0x2e023f,###
/Volumes/pn-opus/Seedlings/Subject_Files/16/16_13/Home_Visit/Coding/Audio_Annotation/16_13_sparse_code.cha,brown+bear,0x66ee20,###
/Volumes/pn-opus/Seedlings/Subject_Files/16/16_15/Home_Visit/Coding/Audio_Annotation/16_15_sparse_code.cha,car+car,0x1a633a,###
/Volumes/pn-opus/Seedlings/Subject_Files/16/16_15/Home_Visit/Coding/Audio_Annotation/16_15_sparse_code.cha,car+car,0x62013f,###
/Volumes/pn-opus/Seedlings/Subject_Files/16/16_15/Home_Visit/Coding/Audio_Annotation/16_15_sparse_code.cha,car+car,0xa52c00,###
/Volumes/pn-opus/Seedlings/Subject_Files/16/16_15/Home_Visit/Coding/Audio_Annotation/16_15_sparse_code.cha,car+car,0x8894e7,###
/Volumes/pn-opus/Seedlings/Subject_Files/16/16_15/Home_Visit/Coding/Audio_Annotation/16_15_sparse_code.cha,car+car,0xaea5ac,###
/Volumes/pn-opus/Seedlings/Subject_Files/16/16_15/Home_Visit/Coding/Audio_Annotation/16_15_sparse_code.cha,car+car,0xe88320,###
/Volumes/pn-opus/Seedlings/Subject_Files/16/16_15/Home_Visit/Coding/Audio_Annotation/16_15_sparse_code.cha,car+car,0xbafa26,###
/Volumes/pn-opus/Seedlings/Subject_Files/16/16_15/Home_Visit/Coding/Audio_Annotation/16_15_sparse_code.cha,car+car,0xf3510f,###
/Volumes/pn-opus/Seedlings/Subject_Files/16/16_15/Home_Visit/Coding/Audio_Annotation/16_15_sparse_code.cha,car+car,0x92da28,###
/Volumes/pn-opus/Seedlings/Subject_Files/16/16_16/Home_Visit/Coding/Audio_Annotation/16_16_sparse_code.cha,car+car,0xf5cb70,###
/Volumes/pn-opus/Seedlings/Subject_Files/16/16_16/Home_Visit/Coding/Audio_Annotation/16_16_sparse_code.cha,car+car,0x173750,###
/Volumes/pn-opus/Seedlings/Subject_Files/16/16_16/Home_Visit/Coding/Audio_Annotation/16_16_sparse_code.cha,car+car,0x5c460f,###
/Volumes/pn-opus/Seedlings/Subject_Files/16/16_16/Home_Visit/Coding/Audio_Annotation/16_16_sparse_code.cha,car+car,0x37bc7b,###
/Volumes/pn-opus/Seedlings/Subject_Files/16/16_17/Home_Visit/Coding/Audio_Annotation/16_17_sparse_code.cha,baba,0x418dfc,###
/Volumes/pn-opus/Seedlings/Subject_Files/16/16_17/Home_Visit/Coding/Audio_Annotation/16_17_sparse_code.cha,Doc,0x3c303e,###
/Volumes/pn-opus/Seedlings/Subject_Files/16/16_17/Home_Visit/Coding/Audio_Annotation/16_17_sparse_code.cha,car,0xe62c0b,###
/Volumes/pn-opus/Seedlings/Subject_Files/16/16_17/Home_Visit/Coding/Audio_Annotation/16_17_sparse_code.cha,car+car,0xacfdd9,###
/Volumes/pn-opus/Seedlings/Subject_Files/16/16_17/Home_Visit/Coding/Audio_Annotation/16_17_sparse_code.cha,car+car,0xf803a6,###
/Volumes/pn-opus/Seedlings/Subject_Files/16/16_17/Home_Visit/Coding/Audio_Annotation/16_17_sparse_code.cha,car+car,0xd19dbe,###
/Volumes/pn-opus/Seedlings/Subject_Files/16/16_17/Home_Visit/Coding/Audio_Annotation/16_17_sparse_code.cha,car+car,0x6e1f2d,###
/Volumes/pn-opus/Seedlings/Subject_Files/16/16_17/Home_Visit/Coding/Audio_Annotation/16_17_sparse_code.cha,car+car,0x7c6d82,###
/Volumes/pn-opus/Seedlings/Subject_Files/16/16_17/Home_Visit/Coding/Audio_Annotation/16_17_sparse_code.cha,car+car,0x8220d7,###
/Volumes/pn-opus/Seedlings/Subject_Files/16/16_17/Home_Visit/Coding/Audio_Annotation/16_17_sparse_code.cha,car+car,0x40d63f,###
/Volumes/pn-opus/Seedlings/Subject_Files/16/16_17/Home_Visit/Coding/Audio_Annotation/16_17_sparse_code.cha,car+car,0xd9ef92,###
/Volumes/pn-opus/Seedlings/Subject_Files/16/16_17/Home_Visit/Coding/Audio_Annotation/16_17_sparse_code.cha,car,0xed92b6,###
/Volumes/pn-opus/Seedlings/Subject_Files/16/16_17/Home_Visit/Coding/Audio_Annotation/16_17_sparse_code.cha,car+car,0xa7d789,###
/Volumes/pn-opus/Seedlings/Subject_Files/16/16_17/Home_Visit/Coding/Audio_Annotation/16_17_sparse_code.cha,car+car,0x9355df,###
/Volumes/pn-opus/Seedlings/Subject_Files/16/16_17/Home_Visit/Coding/Audio_Annotation/16_17_sparse_code.cha,car+car,0x15df22,###
/Volumes/pn-opus/Seedlings/Subject_Files/16/16_17/Home_Visit/Coding/Audio_Annotation/16_17_sparse_code.cha,car+car,0x322d82,###
/Volumes/pn-opus/Seedlings/Subject_Files/16/16_17/Home_Visit/Coding/Audio_Annotation/16_17_sparse_code.cha,car+car,0xec07fb,###
/Volumes/pn-opus/Seedlings/Subject_Files/16/16_17/Home_Visit/Coding/Audio_Annotation/16_17_sparse_code.cha,car+car,0x30ded8,###
/Volumes/pn-opus/Seedlings/Subject_Files/16/16_17/Home_Visit/Coding/Audio_Annotation/16_17_sparse_code.cha,car,0xefeab2,###
/Volumes/pn-opus/Seedlings/Subject_Files/16/16_17/Home_Visit/Coding/Audio_Annotation/16_17_sparse_code.cha,car,0x010c87,###
/Volumes/pn-opus/Seedlings/Subject_Files/16/16_17/Home_Visit/Coding/Audio_Annotation/16_17_sparse_code.cha,car,0x19b819,###
/Volumes/pn-opus/Seedlings/Subject_Files/16/16_17/Home_Visit/Coding/Audio_Annotation/16_17_sparse_code.cha,car,0x16ac3b,###
/Volumes/pn-opus/Seedlings/Subject_Files/16/16_17/Home_Visit/Coding/Audio_Annotation/16_17_sparse_code.cha,car+car,0x762dc3,###
/Volumes/pn-opus/Seedlings/Subject_Files/16/16_17/Home_Visit/Coding/Audio_Annotation/16_17_sparse_code.cha,car+car,0x6066da,###
/Volumes/pn-opus/Seedlings/Subject_Files/16/16_17/Home_Visit/Coding/Audio_Annotation/16_17_sparse_code.cha,car,0xd36d9b,###
/Volumes/pn-opus/Seedlings/Subject_Files/16/16_17/Home_Visit/Coding/Audio_Annotation/16_17_sparse_code.cha,car+car,0x2f3f92,###
/Volumes/pn-opus/Seedlings/Subject_Files/16/16_17/Home_Visit/Coding/Audio_Annotation/16_17_sparse_code.cha,car+car,0x768b5e,###
/Volumes/pn-opus/Seedlings/Subject_Files/16/16_17/Home_Visit/Coding/Audio_Annotation/16_17_sparse_code.cha,car+car,0xc3bb49,###
/Volumes/pn-opus/Seedlings/Subject_Files/16/16_17/Home_Visit/Coding/Audio_Annotation/16_17_sparse_code.cha,car+car,0xc42a94,###
/Volumes/pn-opus/Seedlings/Subject_Files/16/16_17/Home_Visit/Coding/Audio_Annotation/16_17_sparse_code.cha,car+car,0xf0d5eb,###
/Volumes/pn-opus/Seedlings/Subject_Files/16/16_17/Home_Visit/Coding/Audio_Annotation/16_17_sparse_code.cha,car+car,0xd5b7de,###
/Volumes/pn-opus/Seedlings/Subject_Files/16/16_17/Home_Visit/Coding/Audio_Annotation/16_17_sparse_code.cha,car+car,0x62716e,###
/Volumes/pn-opus/Seedlings/Subject_Files/16/16_17/Home_Visit/Coding/Audio_Annotation/16_17_sparse_code.cha,boots,0xc4c250,###
/Volumes/pn-opus/Seedlings/Subject_Files/16/16_17/Home_Visit/Coding/Audio_Annotation/16_17_sparse_code.cha,car,0xc95286,###
/Volumes/pn-opus/Seedlings/Subject_Files/16/16_17/Home_Visit/Coding/Audio_Annotation/16_17_sparse_code.cha,car+car,0xb0d590,###
/Volumes/pn-opus/Seedlings/Subject_Files/16/16_17/Home_Visit/Coding/Audio_Annotation/16_17_sparse_code.cha,car+car,0x3f427e,###
/Volumes/pn-opus/Seedlings/Subject_Files/16/16_17/Home_Visit/Coding/Audio_Annotation/16_17_sparse_code.cha,car+car,0xf31c47,###
/Volumes/pn-opus/Seedlings/Subject_Files/16/16_17/Home_Visit/Coding/Audio_Annotation/16_17_sparse_code.cha,car,0x8a0e48,###
/Volumes/pn-opus/Seedlings/Subject_Files/16/16_17/Home_Visit/Coding/Audio_Annotation/16_17_sparse_code.cha,car+car,0xf9280f,###
/Volumes/pn-opus/Seedlings/Subject_Files/17/17_14/Home_Visit/Coding/Audio_Annotation/17_14_sparse_code.cha,butt,0xaf0378,###
/Volumes/pn-opus/Seedlings/Subject_Files/17/17_16/Home_Visit/Coding/Audio_Annotation/17_16_sparse_code.cha,milk,0x11d541,###
/Volumes/pn-opus/Seedlings/Subject_Files/17/17_16/Home_Visit/Coding/Audio_Annotation/17_16_sparse_code.cha,milk,0x045296,###
/Volumes/pn-opus/Seedlings/Subject_Files/17/17_16/Home_Visit/Coding/Audio_Annotation/17_16_sparse_code.cha,milk,0x265ef5,###
/Volumes/pn-opus/Seedlings/Subject_Files/17/17_16/Home_Visit/Coding/Audio_Annotation/17_16_sparse_code.cha,book,0x9ed677,###
/Volumes/pn-opus/Seedlings/Subject_Files/17/17_16/Home_Visit/Coding/Audio_Annotation/17_16_sparse_code.cha,book,0x451d90,###
/Volumes/pn-opus/Seedlings/Subject_Files/17/17_17/Home_Visit/Coding/Audio_Annotation/17_17_sparse_code.cha,banana,0xce450e,###
/Volumes/pn-opus/Seedlings/Subject_Files/17/17_17/Home_Visit/Coding/Audio_Annotation/17_17_sparse_code.cha,banana,0xaddbaf,###
/Volumes/pn-opus/Seedlings/Subject_Files/17/17_17/Home_Visit/Coding/Audio_Annotation/17_17_sparse_code.cha,banana,0x79b466,###
/Volumes/pn-opus/Seedlings/Subject_Files/17/17_17/Home_Visit/Coding/Audio_Annotation/17_17_sparse_code.cha,pom+pom,0x0b270b,###
/Volumes/pn-opus/Seedlings/Subject_Files/18/18_16/Home_Visit/Coding/Audio_Annotation/18_16_sparse_code.cha,food,0xe18f17,###
/Volumes/pn-opus/Seedlings/Subject_Files/19/19_12/Home_Visit/Coding/Audio_Annotation/19_12_sparse_code.cha,dog,0xd8d59b,###
/Volumes/pn-opus/Seedlings/Subject_Files/19/19_12/Home_Visit/Coding/Audio_Annotation/19_12_sparse_code.cha,dog,0xec9655,###
/Volumes/pn-opus/Seedlings/Subject_Files/19/19_12/Home_Visit/Coding/Audio_Annotation/19_12_sparse_code.cha,banana,0xbb978e,###
/Volumes/pn-opus/Seedlings/Subject_Files/19/19_14/Home_Visit/Coding/Audio_Annotation/19_14_sparse_code.cha,baby,0x322a19,###
/Volumes/pn-opus/Seedlings/Subject_Files/19/19_14/Home_Visit/Coding/Audio_Annotation/19_14_sparse_code.cha,bear,0x2390ec,###
/Volumes/pn-opus/Seedlings/Subject_Files/19/19_14/Home_Visit/Coding/Audio_Annotation/19_14_sparse_code.cha,bear,0xf02c39,###
/Volumes/pn-opus/Seedlings/Subject_Files/19/19_14/Home_Visit/Coding/Audio_Annotation/19_14_sparse_code.cha,duck,0xcaa90e,###
/Volumes/pn-opus/Seedlings/Subject_Files/19/19_14/Home_Visit/Coding/Audio_Annotation/19_14_sparse_code.cha,bear,0xb341f3,###
/Volumes/pn-opus/Seedlings/Subject_Files/19/19_14/Home_Visit/Coding/Audio_Annotation/19_14_sparse_code.cha,baby,0x9d382a,###
/Volumes/pn-opus/Seedlings/Subject_Files/19/19_14/Home_Visit/Coding/Audio_Annotation/19_14_sparse_code.cha,belly+button,0x3e5de6,###
/Volumes/pn-opus/Seedlings/Subject_Files/19/19_15/Home_Visit/Coding/Audio_Annotation/19_15_sparse_code.cha,telephone,0x56540b,###
/Volumes/pn-opus/Seedlings/Subject_Files/19/19_15/Home_Visit/Coding/Audio_Annotation/19_15_sparse_code.cha,umbrella,0x05b7a5,###
/Volumes/pn-opus/Seedlings/Subject_Files/19/19_15/Home_Visit/Coding/Audio_Annotation/19_15_sparse_code.cha,radio,0x8613ac,###
/Volumes/pn-opus/Seedlings/Subject_Files/19/19_15/Home_Visit/Coding/Audio_Annotation/19_15_sparse_code.cha,telephone,0x8a2e1e,###
/Volumes/pn-opus/Seedlings/Subject_Files/19/19_15/Home_Visit/Coding/Audio_Annotation/19_15_sparse_code.cha,doll,0x65166f,###
/Volumes/pn-opus/Seedlings/Subject_Files/19/19_15/Home_Visit/Coding/Audio_Annotation/19_15_sparse_code.cha,doll,0xe6ade2,###
/Volumes/pn-opus/Seedlings/Subject_Files/19/19_15/Home_Visit/Coding/Audio_Annotation/19_15_sparse_code.cha,broom,0x28c820,###
/Volumes/pn-opus/Seedlings/Subject_Files/19/19_15/Home_Visit/Coding/Audio_Annotation/19_15_sparse_code.cha,baby,0xd99c88,###
/Volumes/pn-opus/Seedlings/Subject_Files/19/19_15/Home_Visit/Coding/Audio_Annotation/19_15_sparse_code.cha,book,0xe82889,###
/Volumes/pn-opus/Seedlings/Subject_Files/19/19_15/Home_Visit/Coding/Audio_Annotation/19_15_sparse_code.cha,book,0xc017f8,###
/Volumes/pn-opus/Seedlings/Subject_Files/19/19_15/Home_Visit/Coding/Audio_Annotation/19_15_sparse_code.cha,doll,0x9d84ed,###
/Volumes/pn-opus/Seedlings/Subject_Files/19/19_15/Home_Visit/Coding/Audio_Annotation/19_15_sparse_code.cha,meat,0xfa6453,###
/Volumes/pn-opus/Seedlings/Subject_Files/19/19_15/Home_Visit/Coding/Audio_Annotation/19_15_sparse_code.cha,baby,0xefd4a5,###
/Volumes/pn-opus/Seedlings/Subject_Files/19/19_15/Home_Visit/Coding/Audio_Annotation/19_15_sparse_code.cha,bus,0x1e81ff,###
/Volumes/pn-opus/Seedlings/Subject_Files/19/19_15/Home_Visit/Coding/Audio_Annotation/19_15_sparse_code.cha,drum,0x24c7dc,###
/Volumes/pn-opus/Seedlings/Subject_Files/19/19_15/Home_Visit/Coding/Audio_Annotation/19_15_sparse_code.cha,drum,0xafca13,###
/Volumes/pn-opus/Seedlings/Subject_Files/19/19_15/Home_Visit/Coding/Audio_Annotation/19_15_sparse_code.cha,drum,0xb5a0ed,###
/Volumes/pn-opus/Seedlings/Subject_Files/19/19_15/Home_Visit/Coding/Audio_Annotation/19_15_sparse_code.cha,animal,0x8e0ce2,###
/Volumes/pn-opus/Seedlings/Subject_Files/19/19_15/Home_Visit/Coding/Audio_Annotation/19_15_sparse_code.cha,bib,0xe7130c,###
/Volumes/pn-opus/Seedlings/Subject_Files/19/19_15/Home_Visit/Coding/Audio_Annotation/19_15_sparse_code.cha,diaper,0x598275,###
/Volumes/pn-opus/Seedlings/Subject_Files/19/19_15/Home_Visit/Coding/Audio_Annotation/19_15_sparse_code.cha,doll,0x6b06f9,###
/Volumes/pn-opus/Seedlings/Subject_Files/19/19_15/Home_Visit/Coding/Audio_Annotation/19_15_sparse_code.cha,fan,0xb7c094,###
/Volumes/pn-opus/Seedlings/Subject_Files/19/19_15/Home_Visit/Coding/Audio_Annotation/19_15_sparse_code.cha,key,0x5d079c,###
/Volumes/pn-opus/Seedlings/Subject_Files/19/19_15/Home_Visit/Coding/Audio_Annotation/19_15_sparse_code.cha,octopus,0x1c1b95,###
/Volumes/pn-opus/Seedlings/Subject_Files/19/19_15/Home_Visit/Coding/Audio_Annotation/19_15_sparse_code.cha,radio,0x92955d,###
/Volumes/pn-opus/Seedlings/Subject_Files/19/19_15/Home_Visit/Coding/Audio_Annotation/19_15_sparse_code.cha,telephone,0xab3d2c,###
/Volumes/pn-opus/Seedlings/Subject_Files/19/19_15/Home_Visit/Coding/Audio_Annotation/19_15_sparse_code.cha,telephone,0x34e4bc,###
/Volumes/pn-opus/Seedlings/Subject_Files/19/19_15/Home_Visit/Coding/Audio_Annotation/19_15_sparse_code.cha,telephone,0xd0a420,###
/Volumes/pn-opus/Seedlings/Subject_Files/19/19_15/Home_Visit/Coding/Audio_Annotation/19_15_sparse_code.cha,telephone,0x83e430,###
/Volumes/pn-opus/Seedlings/Subject_Files/19/19_15/Home_Visit/Coding/Audio_Annotation/19_15_sparse_code.cha,umbrella,0xbebad8,###
/Volumes/pn-opus/Seedlings/Subject_Files/19/19_15/Home_Visit/Coding/Audio_Annotation/19_15_sparse_code.cha,violet,0x1c9405,###
/Volumes/pn-opus/Seedlings/Subject_Files/19/19_15/Home_Visit/Coding/Audio_Annotation/19_15_sparse_code.cha,yogurt,0x553ff1,###
/Volumes/pn-opus/Seedlings/Subject_Files/19/19_15/Home_Visit/Coding/Audio_Annotation/19_15_sparse_code.cha,zippy,0xa8c856,###
/Volumes/pn-opus/Seedlings/Subject_Files/19/19_16/Home_Visit/Coding/Audio_Annotation/19_16_sparse_code.cha,star,0x595e3c,###
/Volumes/pn-opus/Seedlings/Subject_Files/19/19_16/Home_Visit/Coding/Audio_Annotation/19_16_sparse_code.cha,book,0xcdaf40,###
/Volumes/pn-opus/Seedlings/Subject_Files/19/19_17/Home_Visit/Coding/Audio_Annotation/19_17_sparse_code.cha,bus,0x26f127,###
/Volumes/pn-opus/Seedlings/Subject_Files/19/19_17/Home_Visit/Coding/Audio_Annotation/19_17_sparse_code.cha,ball,0x6cadb2,###
/Volumes/pn-opus/Seedlings/Subject_Files/19/19_17/Home_Visit/Coding/Audio_Annotation/19_17_sparse_code.cha,milk,0x3233d9,###
/Volumes/pn-opus/Seedlings/Subject_Files/19/19_17/Home_Visit/Coding/Audio_Annotation/19_17_sparse_code.cha,bubble,0xb17047,###
/Volumes/pn-opus/Seedlings/Subject_Files/19/19_17/Home_Visit/Coding/Audio_Annotation/19_17_sparse_code.cha,book,0xfaa044,###
/Volumes/pn-opus/Seedlings/Subject_Files/19/19_17/Home_Visit/Coding/Audio_Annotation/19_17_sparse_code.cha,baby,0x1f9eee,###
/Volumes/pn-opus/Seedlings/Subject_Files/19/19_17/Home_Visit/Coding/Audio_Annotation/19_17_sparse_code.cha,baby,0x0c34a3,###
/Volumes/pn-opus/Seedlings/Subject_Files/19/19_17/Home_Visit/Coding/Audio_Annotation/19_17_sparse_code.cha,milk,0x2082e3,###
/Volumes/pn-opus/Seedlings/Subject_Files/19/19_17/Home_Visit/Coding/Audio_Annotation/19_17_sparse_code.cha,turkey,0x3971f0,###
/Volumes/pn-opus/Seedlings/Subject_Files/20/20_16/Home_Visit/Coding/Audio_Annotation/20_16_sparse_code.cha,doggies,0xade5e6,###
/Volumes/pn-opus/Seedlings/Subject_Files/20/20_17/Home_Visit/Coding/Audio_Annotation/20_17_sparse_code.cha,water,0x016d65,###
/Volumes/pn-opus/Seedlings/Subject_Files/20/20_17/Home_Visit/Coding/Audio_Annotation/20_17_sparse_code.cha,baba,0xd1d6b4,###
/Volumes/pn-opus/Seedlings/Subject_Files/20/20_17/Home_Visit/Coding/Audio_Annotation/20_17_sparse_code.cha,baba,0x2a5c6a,###
/Volumes/pn-opus/Seedlings/Subject_Files/20/20_17/Home_Visit/Coding/Audio_Annotation/20_17_sparse_code.cha,doggy,0x2835e9,###
/Volumes/pn-opus/Seedlings/Subject_Files/20/20_17/Home_Visit/Coding/Audio_Annotation/20_17_sparse_code.cha,car,0x7af014,###
/Volumes/pn-opus/Seedlings/Subject_Files/20/20_17/Home_Visit/Coding/Audio_Annotation/20_17_sparse_code.cha,car,0x8da479,###
/Volumes/pn-opus/Seedlings/Subject_Files/20/20_17/Home_Visit/Coding/Audio_Annotation/20_17_sparse_code.cha,car+car,0x02e83c,###
/Volumes/pn-opus/Seedlings/Subject_Files/20/20_17/Home_Visit/Coding/Audio_Annotation/20_17_sparse_code.cha,car+car,0x63bf72,###
/Volumes/pn-opus/Seedlings/Subject_Files/20/20_17/Home_Visit/Coding/Audio_Annotation/20_17_sparse_code.cha,baba,0xf5bb84,###
/Volumes/pn-opus/Seedlings/Subject_Files/20/20_17/Home_Visit/Coding/Audio_Annotation/20_17_sparse_code.cha,baba,0x64c4a6,###
/Volumes/pn-opus/Seedlings/Subject_Files/20/20_17/Home_Visit/Coding/Audio_Annotation/20_17_sparse_code.cha,baba,0x6acb97,###
/Volumes/pn-opus/Seedlings/Subject_Files/21/21_13/Home_Visit/Coding/Audio_Annotation/21_13_sparse_code.cha,water,0x0edf9a,###
/Volumes/pn-opus/Seedlings/Subject_Files/21/21_17/Home_Visit/Coding/Audio_Annotation/21_17_sparse_code.cha,rafters,0x25a8ca,###
/Volumes/pn-opus/Seedlings/Subject_Files/21/21_17/Home_Visit/Coding/Audio_Annotation/21_17_sparse_code.cha,ducks,0x33ae48,###
/Volumes/pn-opus/Seedlings/Subject_Files/21/21_17/Home_Visit/Coding/Audio_Annotation/21_17_sparse_code.cha,ducks,0xd849f9,###
/Volumes/pn-opus/Seedlings/Subject_Files/21/21_17/Home_Visit/Coding/Audio_Annotation/21_17_sparse_code.cha,ducks,0x99fe6a,###
/Volumes/pn-opus/Seedlings/Subject_Files/25/25_13/Home_Visit/Coding/Audio_Annotation/25_13_sparse_code.cha,banana,0x262b14,###
/Volumes/pn-opus/Seedlings/Subject_Files/25/25_15/Home_Visit/Coding/Audio_Annotation/25_15_sparse_code.cha,ball,0x966ab4,###
/Volumes/pn-opus/Seedlings/Subject_Files/25/25_15/Home_Visit/Coding/Audio_Annotation/25_15_sparse_code.cha,ball,0x300f25,###
/Volumes/pn-opus/Seedlings/Subject_Files/25/25_17/Home_Visit/Coding/Audio_Annotation/25_17_sparse_code.cha,bottle,0xb6d811,###
/Volumes/pn-opus/Seedlings/Subject_Files/26/26_13/Home_Visit/Coding/Audio_Annotation/26_13_sparse_code.cha,banana,0xe8ebcd,###
/Volumes/pn-opus/Seedlings/Subject_Files/26/26_13/Home_Visit/Coding/Audio_Annotation/26_13_sparse_code.cha,banana,0xfc2bb4,###
/Volumes/pn-opus/Seedlings/Subject_Files/26/26_13/Home_Visit/Coding/Audio_Annotation/26_13_sparse_code.cha,banana,0x0894c1,###
/Volumes/pn-opus/Seedlings/Subject_Files/26/26_13/Home_Visit/Coding/Audio_Annotation/26_13_sparse_code.cha,banana,0xde2665,###
/Volumes/pn-opus/Seedlings/Subject_Files/26/26_17/Home_Visit/Coding/Audio_Annotation/26_17_sparse_code.cha,helicopter,0xfd48ad,###
/Volumes/pn-opus/Seedlings/Subject_Files/27/27_13/Home_Visit/Coding/Audio_Annotation/27_13_sparse_code.cha,bug,0xe1ab1b,###
/Volumes/pn-opus/Seedlings/Subject_Files/27/27_14/Home_Visit/Coding/Audio_Annotation/27_14_sparse_code.cha,bus,0x829515,###
/Volumes/pn-opus/Seedlings/Subject_Files/27/27_16/Home_Visit/Coding/Audio_Annotation/27_16_sparse_code.cha,duck,0x585798,###
/Volumes/pn-opus/Seedlings/Subject_Files/27/27_17/Home_Visit/Coding/Audio_Annotation/27_17_sparse_code.cha,bug,0xac6d61,###
/Volumes/pn-opus/Seedlings/Subject_Files/27/27_17/Home_Visit/Coding/Audio_Annotation/27_17_sparse_code.cha,bug,0x1af1d0,###
/Volumes/pn-opus/Seedlings/Subject_Files/28/28_17/Home_Visit/Coding/Audio_Annotation/28_17_sparse_code.cha,boo+boo,0xb8e788,###
/Volumes/pn-opus/Seedlings/Subject_Files/29/29_09/Home_Visit/Coding/Audio_Annotation/29_09_sparse_code.cha,bear,0xcba39d,###
/Volumes/pn-opus/Seedlings/Subject_Files/29/29_15/Home_Visit/Coding/Audio_Annotation/29_15_sparse_code.cha,ball,0x2934db,###
/Volumes/pn-opus/Seedlings/Subject_Files/29/29_15/Home_Visit/Coding/Audio_Annotation/29_15_sparse_code.cha,ball,0x89dfb0,###
/Volumes/pn-opus/Seedlings/Subject_Files/29/29_15/Home_Visit/Coding/Audio_Annotation/29_15_sparse_code.cha,ball,0x2b972f,###
/Volumes/pn-opus/Seedlings/Subject_Files/29/29_17/Home_Visit/Coding/Audio_Annotation/29_17_sparse_code.cha,bubble,0xc8bb91,###
/Volumes/pn-opus/Seedlings/Subject_Files/29/29_17/Home_Visit/Coding/Audio_Annotation/29_17_sparse_code.cha,baby,0xe737a6,###
/Volumes/pn-opus/Seedlings/Subject_Files/30/30_14/Home_Visit/Coding/Audio_Annotation/30_14_sparse_code.cha,doggy,0x6ad6b6,###
/Volumes/pn-opus/Seedlings/Subject_Files/32/32_14/Home_Visit/Coding/Audio_Annotation/32_14_sparse_code.cha,balloon,0xd0bf16,###
/Volumes/pn-opus/Seedlings/Subject_Files/32/32_14/Home_Visit/Coding/Audio_Annotation/32_14_sparse_code.cha,balloon,0xdf0f20,###
/Volumes/pn-opus/Seedlings/Subject_Files/32/32_14/Home_Visit/Coding/Audio_Annotation/32_14_sparse_code.cha,balloon,0x0fd4ad,###
/Volumes/pn-opus/Seedlings/Subject_Files/32/32_14/Home_Visit/Coding/Audio_Annotation/32_14_sparse_code.cha,balloon,0x464692,###
/Volumes/pn-opus/Seedlings/Subject_Files/32/32_14/Home_Visit/Coding/Audio_Annotation/32_14_sparse_code.cha,balloon,0x5c11a7,###
/Volumes/pn-opus/Seedlings/Subject_Files/32/32_14/Home_Visit/Coding/Audio_Annotation/32_14_sparse_code.cha,balloon,0xb2bff4,###
/Volumes/pn-opus/Seedlings/Subject_Files/32/32_17/Home_Visit/Coding/Audio_Annotation/32_17_sparse_code.cha,booby,0x8b9626,###
/Volumes/pn-opus/Seedlings/Subject_Files/32/32_17/Home_Visit/Coding/Audio_Annotation/32_17_sparse_code.cha,booby,0x4322dd,###
/Volumes/pn-opus/Seedlings/Subject_Files/32/32_17/Home_Visit/Coding/Audio_Annotation/32_17_sparse_code.cha,booby,0x16cdd5,###
/Volumes/pn-opus/Seedlings/Subject_Files/32/32_17/Home_Visit/Coding/Audio_Annotation/32_17_sparse_code.cha,booby,0x5ed582,###
/Volumes/pn-opus/Seedlings/Subject_Files/32/32_17/Home_Visit/Coding/Audio_Annotation/32_17_sparse_code.cha,boo,0xef9996,###
/Volumes/pn-opus/Seedlings/Subject_Files/32/32_17/Home_Visit/Coding/Audio_Annotation/32_17_sparse_code.cha,booby,0x7fcf6b,###
/Volumes/pn-opus/Seedlings/Subject_Files/32/32_17/Home_Visit/Coding/Audio_Annotation/32_17_sparse_code.cha,booby,0xf28156,###
/Volumes/pn-opus/Seedlings/Subject_Files/35/35_13/Home_Visit/Coding/Audio_Annotation/35_13_sparse_code.cha,book,0x1dacb0,###
/Volumes/pn-opus/Seedlings/Subject_Files/36/36_14/Home_Visit/Coding/Audio_Annotation/36_14_sparse_code.cha,duck,0xe994da,###
/Volumes/pn-opus/Seedlings/Subject_Files/36/36_14/Home_Visit/Coding/Audio_Annotation/36_14_sparse_code.cha,duck,0x60a89b,###
/Volumes/pn-opus/Seedlings/Subject_Files/36/36_17/Home_Visit/Coding/Audio_Annotation/36_17_sparse_code.cha,doggy,0xb917a4,###
/Volumes/pn-opus/Seedlings/Subject_Files/37/37_17/Home_Visit/Coding/Audio_Annotation/37_17_sparse_code.cha,dog,0x4fcac0,###
/Volumes/pn-opus/Seedlings/Subject_Files/38/38_15/Home_Visit/Coding/Audio_Annotation/38_15_sparse_code.cha,cracker,0x311963,###
/Volumes/pn-opus/Seedlings/Subject_Files/38/38_17/Home_Visit/Coding/Audio_Annotation/38_17_sparse_code.cha,dog,0x177c94,###
/Volumes/pn-opus/Seedlings/Subject_Files/40/40_15/Home_Visit/Coding/Audio_Annotation/40_15_sparse_code.cha,tower,0x7eec7c,###
/Volumes/pn-opus/Seedlings/Subject_Files/40/40_15/Home_Visit/Coding/Audio_Annotation/40_15_sparse_code.cha,square,0xef4fe6,###
/Volumes/pn-opus/Seedlings/Subject_Files/40/40_17/Home_Visit/Coding/Audio_Annotation/40_17_sparse_code.cha,truck,0x0acffd,###
/Volumes/pn-opus/Seedlings/Subject_Files/40/40_17/Home_Visit/Coding/Audio_Annotation/40_17_sparse_code.cha,truck,0x80d773,###
/Volumes/pn-opus/Seedlings/Subject_Files/40/40_17/Home_Visit/Coding/Audio_Annotation/40_17_sparse_code.cha,truck,0xfb6a0b,###
/Volumes/pn-opus/Seedlings/Subject_Files/41/41_14/Home_Visit/Coding/Audio_Annotation/41_14_sparse_code.cha,baba,0x3f96f3,###
/Volumes/pn-opus/Seedlings/Subject_Files/41/41_14/Home_Visit/Coding/Audio_Annotation/41_14_sparse_code.cha,baba,0x987082,###
/Volumes/pn-opus/Seedlings/Subject_Files/41/41_15/Home_Visit/Coding/Audio_Annotation/41_15_sparse_code.cha,baba,0x4633eb,###
/Volumes/pn-opus/Seedlings/Subject_Files/41/41_15/Home_Visit/Coding/Audio_Annotation/41_15_sparse_code.cha,baba,0xa3150d,###
/Volumes/pn-opus/Seedlings/Subject_Files/41/41_17/Home_Visit/Coding/Audio_Annotation/41_17_sparse_code.cha,Elmo,0x2122d8,###
/Volumes/pn-opus/Seedlings/Subject_Files/42/42_13/Home_Visit/Coding/Audio_Annotation/42_13_sparse_code.cha,baby,0x58b958,###
/Volumes/pn-opus/Seedlings/Subject_Files/42/42_13/Home_Visit/Coding/Audio_Annotation/42_13_sparse_code.cha,baby,0x09180e,###
/Volumes/pn-opus/Seedlings/Subject_Files/42/42_14/Home_Visit/Coding/Audio_Annotation/42_14_sparse_code.cha,baby,0x73cb18,###
/Volumes/pn-opus/Seedlings/Subject_Files/42/42_14/Home_Visit/Coding/Audio_Annotation/42_14_sparse_code.cha,baby,0x6fd26b,###
/Volumes/pn-opus/Seedlings/Subject_Files/42/42_14/Home_Visit/Coding/Audio_Annotation/42_14_sparse_code.cha,baby,0x7d844b,###
/Volumes/pn-opus/Seedlings/Subject_Files/42/42_14/Home_Visit/Coding/Audio_Annotation/42_14_sparse_code.cha,baby,0xd26a6a,###
/Volumes/pn-opus/Seedlings/Subject_Files/42/42_14/Home_Visit/Coding/Audio_Annotation/42_14_sparse_code.cha,ball,0x776df7,###
/Volumes/pn-opus/Seedlings/Subject_Files/42/42_14/Home_Visit/Coding/Audio_Annotation/42_14_sparse_code.cha,baba,0xf65ee2,###
/Volumes/pn-opus/Seedlings/Subject_Files/42/42_14/Home_Visit/Coding/Audio_Annotation/42_14_sparse_code.cha,baba,0x9e0393,###
/Volumes/pn-opus/Seedlings/Subject_Files/42/42_16/Home_Visit/Coding/Audio_Annotation/42_16_sparse_code.cha,baba,0x728fb1,###
/Volumes/pn-opus/Seedlings/Subject_Files/42/42_17/Home_Visit/Coding/Audio_Annotation/42_17_sparse_code.cha,back,0x181756,###
/Volumes/pn-opus/Seedlings/Subject_Files/42/42_17/Home_Visit/Coding/Audio_Annotation/42_17_sparse_code.cha,bubble,0x9515d8,###
/Volumes/pn-opus/Seedlings/Subject_Files/44/44_12/Home_Visit/Coding/Audio_Annotation/44_12_sparse_code.cha,baba,0xe4a9f9,###
/Volumes/pn-opus/Seedlings/Subject_Files/44/44_12/Home_Visit/Coding/Audio_Annotation/44_12_sparse_code.cha,baba,0x0c70d0,###
/Volumes/pn-opus/Seedlings/Subject_Files/44/44_12/Home_Visit/Coding/Audio_Annotation/44_12_sparse_code.cha,circle,0xe1acc4,###
/Volumes/pn-opus/Seedlings/Subject_Files/44/44_13/Home_Visit/Coding/Audio_Annotation/44_13_sparse_code.cha,doggy,0x79018b,###
/Volumes/pn-opus/Seedlings/Subject_Files/44/44_15/Home_Visit/Coding/Audio_Annotation/44_15_sparse_code.cha,baba,0x304e32,###
/Volumes/pn-opus/Seedlings/Subject_Files/44/44_15/Home_Visit/Coding/Audio_Annotation/44_15_sparse_code.cha,baba,0xee3691,###
/Volumes/pn-opus/Seedlings/Subject_Files/44/44_15/Home_Visit/Coding/Audio_Annotation/44_15_sparse_code.cha,baba,0x8cd538,###
/Volumes/pn-opus/Seedlings/Subject_Files/44/44_15/Home_Visit/Coding/Audio_Annotation/44_15_sparse_code.cha,baba,0xea12ed,###
/Volumes/pn-opus/Seedlings/Subject_Files/44/44_15/Home_Visit/Coding/Audio_Annotation/44_15_sparse_code.cha,baba,0x0e3e9f,###
/Volumes/pn-opus/Seedlings/Subject_Files/44/44_15/Home_Visit/Coding/Audio_Annotation/44_15_sparse_code.cha,baba,0x88e527,###
/Volumes/pn-opus/Seedlings/Subject_Files/44/44_15/Home_Visit/Coding/Audio_Annotation/44_15_sparse_code.cha,puppy,0x7b4ae4,###
/Volumes/pn-opus/Seedlings/Subject_Files/44/44_17/Home_Visit/Coding/Audio_Annotation/44_17_sparse_code.cha,baby,0x1540d9,###
/Volumes/pn-opus/Seedlings/Subject_Files/46/46_11/Home_Visit/Coding/Audio_Annotation/46_11_sparse_code.cha,dog,0xa11236,###
/Volumes/pn-opus/Seedlings/Subject_Files/46/46_11/Home_Visit/Coding/Audio_Annotation/46_11_sparse_code.cha,dog,0xcbd1da,###
/Volumes/pn-opus/Seedlings/Subject_Files/46/46_11/Home_Visit/Coding/Audio_Annotation/46_11_sparse_code.cha,dog,0xdf21ed,###
/Volumes/pn-opus/Seedlings/Subject_Files/46/46_11/Home_Visit/Coding/Audio_Annotation/46_11_sparse_code.cha,ball,0x8b4987,###
/Volumes/pn-opus/Seedlings/Subject_Files/46/46_16/Home_Visit/Coding/Audio_Annotation/46_16_sparse_code.cha,beh+beh,0x2718c2,###
/Volumes/pn-opus/Seedlings/Subject_Files/46/46_16/Home_Visit/Coding/Audio_Annotation/46_16_sparse_code.cha,boo+boo,0x28aa2f,###
/Volumes/pn-opus/Seedlings/Subject_Files/46/46_17/Home_Visit/Coding/Audio_Annotation/46_17_sparse_code.cha,apple,0x2ca194,###
/Volumes/pn-opus/Seedlings/Subject_Files/46/46_17/Home_Visit/Coding/Audio_Annotation/46_17_sparse_code.cha,bird,0x20caf2,###
/Volumes/pn-opus/Seedlings/Subject_Files/46/46_17/Home_Visit/Coding/Audio_Annotation/46_17_sparse_code.cha,bird,0x6d27f7,###
